non_null_cells,null_cells,min,max,range,mean,mean_of_abs,stddev,variance,coeff_var,sum,sum_abs,first_quart,median,third_quart,perc_90
575,0,233.551147460938,576.216125488281,342.664978027344,440.98906223463,440.98906223463,88.2378861443034,7785.92455121504,20.0090872315913,253568.710784912,253568.710784912,468.533,477.27,483.035,489.459
