non_null_cells,null_cells,min,max,range,mean,mean_of_abs,stddev,variance,coeff_var,sum,sum_abs,first_quart,median,third_quart,perc_90
3520,393,177.95378112793,720.133239746094,542.179458618164,504.156456661224,504.156456661224,208.630890333254,43526.8484012461,41.382171660542,1774630.72744751,1774630.72744751,180.567,632.004,642.707,651.718
