non_null_cells,null_cells,min,max,range,mean,mean_of_abs,stddev,variance,coeff_var,sum,sum_abs,first_quart,median,third_quart,perc_90
151528,0,200.519256591797,551.278564453125,350.759307861328,406.150368416941,406.150368416941,42.0766648453205,1770.44572450543,10.3598736126532,61543153.0254822,61543153.0254822,409.081,414.993,420.817,427.492
