non_null_cells,null_cells,min,max,range,mean,mean_of_abs,stddev,variance,coeff_var,sum,sum_abs,first_quart,median,third_quart,perc_90
483,92,20.0297088623049,20.7116432189941,0.681934356689272,20.6465837348322,20.6465837348322,0.0541734849756722,0.00293476647440938,0.262384739632629,9972.29994392395,9972.29994392395,20.6202,20.6492,20.6793,20.6991
