non_null_cells,null_cells,min,max,range,mean,mean_of_abs,stddev,variance,coeff_var,sum,sum_abs,first_quart,median,third_quart,perc_90
483,92,19.5249328613283,741.525390624981,722.000457763652,556.401695997818,556.401695997818,243.755811270925,59416.8955283469,43.8093221182204,268742.019166946,268742.019166946,636.839,663.097,677.398,690.873
