non_null_cells,null_cells,min,max,range,mean,mean_of_abs,stddev,variance,coeff_var,sum,sum_abs,first_quart,median,third_quart,perc_90
676,0,266.935333251953,612.940368652344,346.005035400391,509.608892406938,509.608892406938,98.886720994069,9778.58358895885,19.4044339624877,344495.61126709,344495.61126709,539.017,549.156,555.73,562.302
