non_null_cells,null_cells,min,max,range,mean,mean_of_abs,stddev,variance,coeff_var,sum,sum_abs,first_quart,median,third_quart,perc_90
575,0,230.850936889648,535.363159179688,304.512222290039,401.815818906038,401.815818906038,86.9194568682732,7554.99198227561,21.6316662457231,231044.095870972,231044.095870972,352.334,460.097,470.665,477.984
