non_null_cells,null_cells,min,max,range,mean,mean_of_abs,stddev,variance,coeff_var,sum,sum_abs,first_quart,median,third_quart,perc_90
3354,559,189.109176635755,828.642700194724,639.533523558969,622.447360471639,622.447360471639,235.673684930315,55542.0857686333,37.862428198224,2087688.44702188,2087688.44702188,721.422,747.891,755.742,764.069
