non_null_cells,null_cells,min,max,range,mean,mean_of_abs,stddev,variance,coeff_var,sum,sum_abs,first_quart,median,third_quart,perc_90
16728,384,174.437515258789,677.995422363281,503.557907104492,589.35976781804,589.35976781804,70.6545821160159,4992.06997398883,11.9883619436049,9858810.19606018,9858810.19606018,594.381,601.848,607.034,612.881
