non_null_cells,null_cells,min,max,range,mean,mean_of_abs,stddev,variance,coeff_var,sum,sum_abs,first_quart,median,third_quart,perc_90
575,0,271.643127441406,573.006164550781,301.363037109375,495.791855893342,495.791855893342,95.2076065969537,9064.48835392029,19.2031404843074,285080.317138672,285080.317138672,527.852,535.81,541.497,547.457
