non_null_cells,null_cells,min,max,range,mean,mean_of_abs,stddev,variance,coeff_var,sum,sum_abs,first_quart,median,third_quart,perc_90
483,92,166.695907592775,617.518981933582,450.823074340807,503.095209094061,503.095209094061,150.919777080008,22776.7791138793,29.998253680804,242994.985992431,242994.985992431,553,569.155,578.232,586.174
