non_null_cells,null_cells,min,max,range,mean,mean_of_abs,stddev,variance,coeff_var,sum,sum_abs,first_quart,median,third_quart,perc_90
575,0,262.191772460938,452.515228271484,190.323455810547,405.526035740065,405.526035740065,59.9728015234011,3596.73692256526,14.7888905366961,233177.470550537,233177.470550537,425.992,430.762,434.143,437.627
