non_null_cells,null_cells,min,max,range,mean,mean_of_abs,stddev,variance,coeff_var,sum,sum_abs,first_quart,median,third_quart,perc_90
552,124,0.0849533224478644,0.463864114317049,0.378910791869185,0.173593459043917,0.173593459043917,0.116225483620434,0.0135083630428037,66.9526860404516,95.823589392242,95.823589392242,0.10077,0.111427,0.246821,0.387799
