non_null_cells,null_cells,min,max,range,mean,mean_of_abs,stddev,variance,coeff_var,sum,sum_abs,first_quart,median,third_quart,perc_90
552,124,0.0449532331275137,0.506169997330285,0.461216764202771,0.164787549280001,0.164787549280001,0.139855465235048,0.0195595511561118,84.8701651587832,90.9627272025605,90.9627272025605,0.0683925,0.0887878,0.253947,0.42568
