non_null_cells,null_cells,min,max,range,mean,mean_of_abs,stddev,variance,coeff_var,sum,sum_abs,first_quart,median,third_quart,perc_90
121,126,0.200513629444749,0.635440200351617,0.434926570906868,0.300762897751356,0.300762897751356,0.0797161490529098,0.00635466441982574,26.504648561676,36.3923106279141,36.3923106279141,0.242101,0.287347,0.317323,0.428161,0.08
121,126,0.159724511723043,0.644998631197218,0.485274119474175,0.222872122941807,0.222872122941807,0.0664187225212119,0.00441144670134974,29.8012697346425,26.9675268759586,26.9675268759586,0.183425,0.20933,0.230326,0.31263,0.09
121,126,0.133117390780934,0.661483796014069,0.528366405233135,0.183409708002655,0.183409708002655,0.0648514657050546,0.00420571260409387,35.3587966587438,22.1925746683212,22.1925746683212,0.152311,0.170828,0.186459,0.232555,0.1
121,126,0.121449858289382,0.678784164558369,0.557334306268987,0.164650241537942,0.164650241537942,0.0666260152514639,0.00443902590828829,40.465179175647,19.922679226091,19.922679226091,0.138265,0.151836,0.1636,0.19404,0.11
121,126,0.120095357255569,0.710283837477837,0.590188480222268,0.155215857724924,0.155215857724924,0.0706563359760026,0.00499231781355376,45.5213384841264,18.7811187847158,18.7811187847158,0.132563,0.142708,0.153985,0.163762,0.13
121,126,0.122171606927164,0.737143386506912,0.614971779579748,0.159106034779714,0.159106034779714,0.0733881672052126,0.00538582308574024,46.1253197006764,19.2518302083454,19.2518302083454,0.137152,0.145901,0.156224,0.163352,0.15