non_null_cells,null_cells,min,max,range,mean,mean_of_abs,stddev,variance,coeff_var,sum,sum_abs,first_quart,median,third_quart,perc_90
600,76,0.0821015420330985,0.471733489298336,0.389631947265238,0.122847087821596,0.122847087821596,0.0564063293686434,0.00318167399284389,45.9158864641214,73.7082526929574,73.7082526929574,0.0985969,0.106606,0.118921,0.148406
