non_null_cells,null_cells,min,max,range,mean,mean_of_abs,stddev,variance,coeff_var,sum,sum_abs,first_quart,median,third_quart,perc_90
121,126,0.10266463652733,0.683867758495963,0.581203121968633,0.136244925784281,0.136244925784281,0.0698068850333082,0.00487300119805351,51.2363191740693,16.485636019898,16.485636019898,0.114758,0.123636,0.134874,0.143115,0.15
121,126,0.105794842125678,0.704623169373641,0.598828327247963,0.137442513422747,0.137442513422747,0.0722568142160368,0.00522104720065085,52.5723900244669,16.6305441241524,16.6305441241524,0.11605,0.123744,0.135253,0.142614,0.17
121,126,0.106737084610171,0.722109036495446,0.615371951885275,0.140452741095817,0.140452741095817,0.0740774822769385,0.00548747338049014,52.741927070261,16.9947816725939,16.9947816725939,0.119581,0.125968,0.137599,0.143901,0.19