non_null_cells,null_cells,min,max,range,mean,mean_of_abs,stddev,variance,coeff_var,sum,sum_abs,first_quart,median,third_quart,perc_90
600,76,0.0443294649255188,0.515484686239544,0.471155221314026,0.104200282099445,0.104200282099445,0.0718954919282895,0.00516896175961074,68.9974062255175,62.5201692596672,62.5201692596672,0.0666129,0.0756907,0.11477,0.160164
