non_null_cells,null_cells,min,max,range,mean,mean_of_abs,stddev,variance,coeff_var,sum,sum_abs,first_quart,median,third_quart,perc_90
600,76,0.0838631404295917,0.507642808672712,0.42377966824312,0.134677645508653,0.134677645508653,0.0662537859031115,0.00438956414649534,49.1943452477825,80.8065873051919,80.8065873051919,0.100511,0.108474,0.128444,0.230555
