non_null_cells,null_cells,min,max,range,mean,mean_of_abs,stddev,variance,coeff_var,sum,sum_abs,first_quart,median,third_quart,perc_90
600,76,0.0494765158607926,0.553096850647707,0.503620334786915,0.119422047664359,0.119422047664359,0.0833005334228396,0.00693897886852962,69.753060722053,71.6532285986156,71.6532285986156,0.0684486,0.0853571,0.130384,0.242308
